{"vs": [[229.57032150660444, 0.0, 110.66461268150015], [188.34764792371868, 246.64058231033715, 0.0], [90.02419612240698, 135.46153169270085, 255.0], [0.0, 34.52437002111386, 70.82590393563618]], "faces": [[[229.57032150660444, 0.0, 110.66461268150015], [0.0, 34.52437002111386, 70.82590393563618], [90.02419612240698, 135.46153169270085, 255.0]], [[0.0, 34.52437002111386, 70.82590393563618], [188.34764792371868, 246.64058231033715, 0.0], [90.02419612240698, 135.46153169270085, 255.0]], [[0.0, 34.52437002111386, 70.82590393563618], [229.57032150660444, 0.0, 110.66461268150015], [188.34764792371868, 246.64058231033715, 0.0]], [[188.34764792371868, 246.64058231033715, 0.0], [229.57032150660444, 0.0, 110.66461268150015], [90.02419612240698, 135.46153169270085, 255.0]]]}