{"vs": [[255.0, 144.3753321420526, 0.0], [0.0, 165.02613216184292, 192.46509663765272], [209.62444741560586, 0.0, 130.21762940136225], [81.9486636535701, 28.564846464111284, 37.71360385813609]], "faces": [[[255.0, 144.3753321420526, 0.0], [81.9486636535701, 28.564846464111284, 37.71360385813609], [209.62444741560586, 0.0, 130.21762940136225]], [[81.9486636535701, 28.564846464111284, 37.71360385813609], [0.0, 165.02613216184292, 192.46509663765272], [209.62444741560586, 0.0, 130.21762940136225]], [[81.9486636535701, 28.564846464111284, 37.71360385813609], [255.0, 144.3753321420526, 0.0], [0.0, 165.02613216184292, 192.46509663765272]], [[0.0, 165.02613216184292, 192.46509663765272], [255.0, 144.3753321420526, 0.0], [209.62444741560586, 0.0, 130.21762940136225]]]}