{
   "Camera" : {
      "m_angle" : 64,
      "m_aspect" : 1.7777777777777777,
      "m_at_dist" : 10.658301039271645,
      "m_far" : 500,
      "m_near" : 0.01,
      "m_orthographic" : false,
      "m_rotation_conj" : [
         0.22180007499998169,
         -0.65640907678447979,
         -0.21117122614418393,
         0.68944801391672128
      ],
      "m_translation" : [ -2.50544087844498, 0.16250190276144405, 10.926424063677945 ]
   },
   "dQ-0" : [ 0, 0, 0, 1 ],
   "dQ-1" : [
      0.26073189023842325,
      0.11502877732338498,
      0.037018353283900567,
      0.95781882593752266
   ],
   "dQ-10" : [ 0, 0, 0, 1 ],
   "dQ-11" : [ 0, 0, 0, 1 ],
   "dQ-12" : [ 0, 0, 0, 1 ],
   "dQ-13" : [ 0, 0, 0, 1 ],
   "dQ-14" : [
      0.1687228147382078,
      0.3159065449911328,
      0.055577357308767714,
      0.93201224454035769
   ],
   "dQ-15" : [ 0, 0, 0, 1 ],
   "dQ-16" : [
      -0.33093707370404252,
      0.024214904443719137,
      0.079542300208281735,
      0.93998261373738301
   ],
   "dQ-17" : [ 0, 0, 0, 1 ],
   "dQ-18" : [
      0.25755637336608872,
      0.15130151631438024,
      -0.073885363379210159,
      0.95147964706440225
   ],
   "dQ-19" : [
      0.28893777540205384,
      0.086066573004343921,
      -0.018275174982173015,
      0.9532961370614963
   ],
   "dQ-2" : [
      -0.086131803762037343,
      -0.092319037697626186,
      -0.27220348209948947,
      0.95392021259232951
   ],
   "dQ-20" : [ 0, 0, 0, 1 ],
   "dQ-21" : [ 0, 0, 0, 1 ],
   "dQ-22" : [ 0, 0, 0, 1 ],
   "dQ-23" : [ 0, 0, 0, 1 ],
   "dQ-24" : [ 0, 0, 0, 1 ],
   "dQ-3" : [
      0.045519325730982781,
      -0.062382690805096071,
      0.011460415802805981,
      0.99694786711369177
   ],
   "dQ-4" : [
      0.12363029078957899,
      0.22959909974874479,
      0.015092526423731855,
      0.96528338856524365
   ],
   "dQ-5" : [ 0, 0, 0, 1 ],
   "dQ-6" : [
      0.1875545057573984,
      -0.11416361234544187,
      0.0088217334550603523,
      0.97555735556920775
   ],
   "dQ-7" : [ 0, 0, 0, 1 ],
   "dQ-8" : [ 0, 0, 0, 1 ],
   "dQ-9" : [ 0, 0, 0, 1 ],
   "threshold" : 1
}
