{
   "Camera" : {
      "m_angle" : 19,
      "m_aspect" : 1.3333333333333333,
      "m_at_dist" : 35.387140513634371,
      "m_far" : 500,
      "m_near" : 0.01,
      "m_orthographic" : false,
      "m_rotation_conj" : [
         -0.11336780893628517,
         0.51950645083440183,
         0.069778439851339233,
         -0.84403303061571133
      ],
      "m_translation" : [ -1.0389235128335805, 0.13741336838385676, 36.545453197471474 ]
   },
   "dQ-0" : [ 0, 0, 0, 1 ],
   "dQ-1" : [
      -0.14049359231225109,
      -0.08301893377479283,
      -0.0065602404129811529,
      0.98657304362110942
   ],
   "dQ-10" : [ 0, 0, 0, 1 ],
   "dQ-11" : [ 0, 0, 0, 1 ],
   "dQ-12" : [ 0, 0, 0, 1 ],
   "dQ-13" : [
      -0.25921161524075959,
      -0.032401454757689241,
      -0.016789842995605295,
      0.9651308644044313
   ],
   "dQ-14" : [ 0, 0, 0, 1 ],
   "dQ-15" : [ 0, 0, 0, 1 ],
   "dQ-16" : [ 0, 0, 0, 1 ],
   "dQ-17" : [ 0, 0, 0, 1 ],
   "dQ-18" : [ -0.21222209301755998, 0, -0.067525210264730684, 0.97488570058953583 ],
   "dQ-19" : [ 0, 0, 0, 1 ],
   "dQ-2" : [
      -0.16976402560285137,
      -0.043974528499818206,
      -0.025503040339766955,
      0.98417275484935129
   ],
   "dQ-20" : [
      0.12450640785919335,
      -0.024901284633067185,
      0.031239790233202121,
      0.99141422015815805
   ],
   "dQ-21" : [ 0, 0, 0, 1 ],
   "dQ-22" : [
      0.33949055502152375,
      -0.022140692052706922,
      0.066220785234275353,
      0.93801426450217751
   ],
   "dQ-23" : [
      -0.096293685582237359,
      -0.23373600897504296,
      -0.03471138768829822,
      0.96689716298588901
   ],
   "dQ-24" : [ 0, 0, 0, 1 ],
   "dQ-3" : [
      0.12020991960775305,
      -0.23374151591674869,
      0.10169273634111453,
      0.95946498963760751
   ],
   "dQ-4" : [ 0.15190942022835618, 0, 0.056620784232551187, 0.98677130827703718 ],
   "dQ-5" : [
      0.13679414105863724,
      -0.11114524388001577,
      0.036607978238907997,
      0.98366353681741259
   ],
   "dQ-6" : [
      0.13086483641317762,
      6.9994927188475197e-18,
      -0.010707122518341909,
      0.99134239903170163
   ],
   "dQ-7" : [ 0, 0, 0, 1 ],
   "dQ-8" : [ 0, 0, 0, 1 ],
   "dQ-9" : [
      -0.28965313582525398,
      0.089124048698680694,
      0.033421515360350491,
      0.95238698393099119
   ],
   "threshold" : 1
}
