{"vs": [[254.99999999999997, 18.4743449028888, 182.4439415660534], [193.12659335274697, 159.60167057542697, 52.12501970557281], [102.85708246782708, 130.6695936758131, 147.57352935315038], [0.0, 0.0, 0.0]], "faces": [[[254.99999999999997, 18.4743449028888, 182.4439415660534], [0.0, 0.0, 0.0], [102.85708246782708, 130.6695936758131, 147.57352935315038]], [[0.0, 0.0, 0.0], [193.12659335274697, 159.60167057542697, 52.12501970557281], [102.85708246782708, 130.6695936758131, 147.57352935315038]], [[0.0, 0.0, 0.0], [254.99999999999997, 18.4743449028888, 182.4439415660534], [193.12659335274697, 159.60167057542697, 52.12501970557281]], [[193.12659335274697, 159.60167057542697, 52.12501970557281], [254.99999999999997, 18.4743449028888, 182.4439415660534], [102.85708246782708, 130.6695936758131, 147.57352935315038]]]}