{
   "Camera" : {
      "m_angle" : 82,
      "m_aspect" : 1.7777777777777777,
      "m_at_dist" : 152.3297141777424,
      "m_far" : 500,
      "m_near" : 0.01,
      "m_orthographic" : false,
      "m_rotation_conj" : [
         0.037799167470345563,
         -0.019619655949543634,
         0.00074228031097551194,
         -0.9990924587138621
      ],
      "m_translation" : [ -0.15234468923786626, 61.166419837651013, 143.46753194002076 ]
   },
   "dQ-0" : [ 0, 0, 0, 1 ],
   "dQ-1" : [ 0, 0, 0, 1 ],
   "dQ-10" : [
      -0.36048632760065324,
      0.040964356782602185,
      0.025695824016416308,
      0.9315102005423771
   ],
   "dQ-11" : [
      0.18433161408257909,
      0.14044313882118087,
      0.018592754907145886,
      0.97260058105716163
   ],
   "dQ-12" : [
      0.20241709381659351,
      -0.12018514443142871,
      0.018689079962697242,
      0.97171681547608757
   ],
   "dQ-13" : [
      0.28586090923797564,
      0.20248479220364024,
      -0.0018407764927511972,
      0.93663229766957645
   ],
   "dQ-14" : [
      0.47892152646603714,
      0.12525639393422128,
      -0.015807758730756641,
      0.86873190457697946
   ],
   "dQ-2" : [ 0, 0, 0, 1 ],
   "dQ-3" : [ 0, 0, 0, 1 ],
   "dQ-4" : [ 0, 0, 0, 1 ],
   "dQ-5" : [ 0, 0, 0, 1 ],
   "dQ-6" : [
      0.10883587299928633,
      0.24872627015555154,
      0.076512837509279313,
      0.95939344430701079
   ],
   "dQ-7" : [ 0, -0.18405280293150217, -0.061908671373461878, 0.9809647711013022 ],
   "dQ-8" : [
      0.0085438590260601098,
      -0.051263162909159478,
      -0.011417704852556203,
      0.99858335987407265
   ],
   "dQ-9" : [
      0.27762470455236088,
      0.089819756567870446,
      0.028727475763623993,
      0.95605003367425978
   ],
   "threshold" : 1
}
