{
   "Camera" : {
      "m_angle" : 82,
      "m_aspect" : 1.7777777777777777,
      "m_at_dist" : 152.3297141777424,
      "m_far" : 500,
      "m_near" : 0.01,
      "m_orthographic" : false,
      "m_rotation_conj" : [
         0.0070682989104331514,
         0.58643838445559304,
         0.0051177702485700714,
         0.80994683085700725
      ],
      "m_translation" : [ -4.0030498935710881, 61.674987546719038, 152.07692704292268 ]
   },
   "dQ-0" : [
      -0.23514777037846024,
      -0.040542713301916042,
      -0.068554051724590379,
      0.96869094993000726
   ],
   "dQ-1" : [
      -0.37398476953825543,
      -0.12064024480950777,
      0.069422977455489088,
      0.91693062643088474
   ],
   "dQ-10" : [ 0, 0, 0, 1 ],
   "dQ-11" : [ 0, 0, 0, 1 ],
   "dQ-12" : [ 0, 0, 0, 1 ],
   "dQ-13" : [ 0, 0, 0, 1 ],
   "dQ-14" : [ 0, 0, 0, 1 ],
   "dQ-2" : [
      -0.36196512795056263,
      -0.081033674620950208,
      0.011586459228605496,
      0.92859062222687927
   ],
   "dQ-3" : [
      -0.39116576515976603,
      0.030089670449149727,
      0.12364120475942733,
      0.9114805584239708
   ],
   "dQ-4" : [
      -0.16403657469784136,
      -0.051801023961197692,
      -0.032257910713248593,
      0.98456492080227342
   ],
   "dQ-5" : [
      -0.20809146074567703,
      -0.043053413174655129,
      -0.049772342701524683,
      0.9758929559540559
   ],
   "dQ-6" : [ 0, 0, 0, 1 ],
   "dQ-7" : [ 0, 0, 0, 1 ],
   "dQ-8" : [ 0, 0, 0, 1 ],
   "dQ-9" : [ 0, 0, 0, 1 ],
   "threshold" : 1
}
