{
   "Camera" : {
      "m_angle" : 50,
      "m_aspect" : 1.7777777777777777,
      "m_at_dist" : 1.6740326594607371,
      "m_far" : 500,
      "m_near" : 0.01,
      "m_orthographic" : false,
      "m_rotation_conj" : [ 0.0058177313549938334, 0, 0, 0.99998307685774424 ],
      "m_translation" : [ 0.49635306000709534, 0.50120309853663658, 2.1843544018364089 ]
   },
   "dQ-0" : [ 0, 0, 0, 1 ],
   "dQ-1" : [ 0, 0, 0, 1 ],
   "dQ-10" : [ 0, 0, 0, 1 ],
   "dQ-2" : [ 0, 0, 0, 1 ],
   "dQ-3" : [ 0, 0, 0, 1 ],
   "dQ-4" : [ 0, 0, 0, 1 ],
   "dQ-5" : [ 0, 0, 0, 1 ],
   "dQ-6" : [ 0, 0, 0, 1 ],
   "dQ-7" : [
      -0.22933517138489515,
      0.0084938939473499023,
      0.04092513122211474,
      0.9724496730247405
   ],
   "dQ-8" : [
      0.38731227918805367,
      0.02093580420799139,
      -0.11771628407857207,
      0.91416287769469873
   ],
   "dQ-9" : [ 0, 0, 0, 1 ],
   "threshold" : 1
}
