{
   "Camera" : {
      "m_angle" : 55,
      "m_aspect" : 1.7777777777777777,
      "m_at_dist" : 5.4670488432693709,
      "m_far" : 500,
      "m_near" : 0.01,
      "m_orthographic" : false,
      "m_rotation_conj" : [ -0, -0, -0, 1 ],
      "m_translation" : [ 0, 0.5, 5.9670488432693736 ]
   },
   "dQ-0" : [ 0, 0, 0, 1 ],
   "dQ-1" : [ 0, 0, 0, 1 ],
   "dQ-2" : [ 0, 0, 0, 1 ],
   "dQ-3" : [
      -0.34565339708817722,
      0.21349180569205589,
      -0.086598194313447854,
      0.90964044035288949
   ],
   "threshold" : 1
}
