{
   "Camera" : {
      "m_angle" : 55,
      "m_aspect" : 1.7777777777777777,
      "m_at_dist" : 5.4670488432693709,
      "m_far" : 500,
      "m_near" : 0.01,
      "m_orthographic" : false,
      "m_rotation_conj" : [ 0.011635265801397015, 0, 0, 0.99993230800376232 ],
      "m_translation" : [ 0, 0.4882301424027029, 5.9785479420461316 ]
   },
   "dQ-0" : [
      0.0062615596406830742,
      -0.012523129544871911,
      -0.0093923458990418426,
      0.9998578638665504
   ],
   "dQ-1" : [
      -0.52727973490391289,
      0.35383245907229999,
      -0.054557060313805555,
      0.77058562096396821
   ],
   "dQ-2" : [
      -0.17819992297051701,
      0.32298733214465802,
      0.23540613668321775,
      0.89917068543144818
   ],
   "dQ-3" : [
      -0.14797056997622443,
      0.25558553046005428,
      0.14845973130246323,
      0.94379047209746947
   ],
   "threshold" : 1
}
