{
   "Camera" : {
      "m_angle" : 55,
      "m_aspect" : 1.7777777777777777,
      "m_at_dist" : 5.4670488432693709,
      "m_far" : 500,
      "m_near" : 0.01,
      "m_orthographic" : false,
      "m_rotation_conj" : [ 0.0029088779843619342, 0, 0, 0.99999576920548627 ],
      "m_translation" : [ 0, 0.49708267275137513, 5.9699492473757427 ]
   },
   "dQ-0" : [ 0, 0, 0, 1 ],
   "dQ-1" : [ 0, 0, 0, 1 ],
   "dQ-2" : [
      -0.20801532440175247,
      0.4361611556416688,
      -0.098822529480671328,
      0.86990067179557895
   ],
   "dQ-3" : [
      0.10994943914033654,
      -0.39364445383753982,
      -0.15167320444079865,
      0.89997244616173122
   ],
   "threshold" : 1
}
