{
   "Camera" : {
      "m_angle" : 89,
      "m_aspect" : 1.7777777777777777,
      "m_at_dist" : 2.904080052893113,
      "m_far" : 500,
      "m_near" : 0.01,
      "m_orthographic" : false,
      "m_rotation_conj" : [ 0, 0, 0, 1 ],
      "m_translation" : [ -0.39292968749958396, -0.29957031250045296, 3.4040800528929358 ]
   },
   "dQ-0" : [
      0.65000000000000036,
      -0.26999999999999957,
      -0.26999999999999957,
      0.64999999999999969
   ],
   "dQ-1" : [
      0.39590387069955713,
      -0.17033074087581249,
      -0.079473727444936734,
      0.89885009346598677
   ],
   "dQ-2" : [ 0, 0, 0, 0 ],
   "threshold" : 1
}
