{
   "Camera" : {
      "m_angle" : 63,
      "m_aspect" : 1.3333333333333333,
      "m_at_dist" : 5.029628662865151,
      "m_far" : 500,
      "m_near" : 0.01,
      "m_orthographic" : false,
      "m_rotation_conj" : [ 0, 0, 0, 1 ],
      "m_translation" : [ -1.27675647831893e-15, 1.2434497875801753e-14, 5.0296286628651758 ]
   },
   "dQ-0" : [ 0.71000000000000008, 0, 0, 0.70999999999999996 ],
   "dQ-1" : [ -0.71000000000000008, 0, 0, 0.70999999999999996 ],
   "threshold" : 1
}
