{
   "Camera" : {
      "m_angle" : 82,
      "m_aspect" : 1.7777777777777777,
      "m_at_dist" : 152.3297141777424,
      "m_far" : 500,
      "m_near" : 0.01,
      "m_orthographic" : false,
      "m_rotation_conj" : [
         0.060007438862928232,
         -0.50864414464846397,
         0.035567863449000883,
         -0.85814635609878209
      ],
      "m_translation" : [ -3.6938045538982607, 60.777692483593569, 141.73158684495132 ]
   },
   "dQ-0" : [
      -0.1976913103412308,
      0.16944969292492584,
      0.056226490575949042,
      0.96386904148889863
   ],
   "dQ-1" : [
      0.18181683201231041,
      0.02424224161923233,
      -0.042644312598622634,
      0.98210814879079023
   ],
   "dQ-10" : [ 0, 0, 0, 1 ],
   "dQ-11" : [ 0, 0, 0, 1 ],
   "dQ-12" : [ 0, 0, 0, 1 ],
   "dQ-13" : [ 0, 0, 0, 1 ],
   "dQ-14" : [ 0, 0, 0, 1 ],
   "dQ-2" : [ 0, 0, 0, 1 ],
   "dQ-3" : [ 0, 0, 0, 1 ],
   "dQ-4" : [ 0, 0, 0, 1 ],
   "dQ-5" : [ 0, 0, 0, 1 ],
   "dQ-6" : [ 0, 0, 0, 1 ],
   "dQ-7" : [ 0, 0, 0, 1 ],
   "dQ-8" : [ 0, 0, 0, 1 ],
   "dQ-9" : [ 0, 0, 0, 1 ],
   "threshold" : 1
}
