{
   "Camera" : {
      "m_angle" : 82,
      "m_aspect" : 1.7777777777777777,
      "m_at_dist" : 152.3297141777424,
      "m_far" : 500,
      "m_near" : 0.01,
      "m_orthographic" : false,
      "m_rotation_conj" : [
         0.03919020778851387,
         -0.7653150254466099,
         0.046808672196849262,
         -0.64075423342051829
      ],
      "m_translation" : [ -4.1545587217900959, 61.29034382672944, 145.53811686170982 ]
   },
   "dQ-0" : [ 0, 0, 0, 1 ],
   "dQ-1" : [ 0, 0, 0, 1 ],
   "dQ-10" : [ 0, 0, 0, 1 ],
   "dQ-11" : [
      0.17714165175234672,
      0.15089843731430025,
      0.033996882619053287,
      0.97195406722886801
   ],
   "dQ-12" : [
      0.34898512891089323,
      0.18652654687368411,
      -0.03823520298366917,
      0.91758122058116698
   ],
   "dQ-13" : [ 0, 0, 0, 1 ],
   "dQ-14" : [ 0, 0, 0, 1 ],
   "dQ-2" : [ 0, 0, 0, 1 ],
   "dQ-3" : [ 0, 0, 0, 1 ],
   "dQ-4" : [ 0, 0, 0, 1 ],
   "dQ-5" : [ 0, 0, 0, 1 ],
   "dQ-6" : [ 0, 0, 0, 1 ],
   "dQ-7" : [
      0.047502568147349662,
      -0.047502563280926814,
      -0.021592074817856837,
      0.99750729060303511
   ],
   "dQ-8" : [ 0, 0, 0, 1 ],
   "dQ-9" : [ 0, 0, 0, 1 ],
   "threshold" : 1
}
