{
   "Camera" : {
      "m_angle" : 82,
      "m_aspect" : 1.7777777777777777,
      "m_at_dist" : 152.3297141777424,
      "m_far" : 500,
      "m_near" : 0.01,
      "m_orthographic" : false,
      "m_rotation_conj" : [
         0.04291728056166802,
         -0.7650297536316385,
         0.051260277267019518,
         -0.64051539174481509
      ],
      "m_translation" : [ -4.1545587217900675, 61.207172921017616, 144.82544715700666 ]
   },
   "dQ-0" : [ 0, 0, 0, 1 ],
   "dQ-1" : [ 0, 0, 0, 1 ],
   "dQ-10" : [ 0, 0, 0, 1 ],
   "dQ-11" : [ 0, 0, 0, 1 ],
   "dQ-12" : [ 0, 0, 0, 1 ],
   "dQ-13" : [
      0.32753866169073542,
      0.054589780676773385,
      0.073944335261168753,
      0.94035664310211986
   ],
   "dQ-14" : [
      0.18712572251926274,
      0.10206857865253746,
      0.039744886051663764,
      0.97621017883252725
   ],
   "dQ-2" : [ 0, 0, 0, 1 ],
   "dQ-3" : [ 0, 0, 0, 1 ],
   "dQ-4" : [ 0, 0, 0, 1 ],
   "dQ-5" : [ 0, 0, 0, 1 ],
   "dQ-6" : [ 0, 0, 0, 1 ],
   "dQ-7" : [ 0, 0, 0, 1 ],
   "dQ-8" : [ 0, 0, 0, 1 ],
   "dQ-9" : [ 0, 0, 0, 1 ],
   "threshold" : 1
}
