{
   "Camera" : {
      "m_angle" : 82,
      "m_aspect" : 1.7777777777777777,
      "m_at_dist" : 152.3297141777424,
      "m_far" : 500,
      "m_near" : 0.01,
      "m_orthographic" : false,
      "m_rotation_conj" : [
         -0.016031761048505865,
         -0.93773984379486242,
         0.043675935167794666,
         0.34420833906878179
      ],
      "m_translation" : [ 2.7186949093388932, 61.693987937249986, 149.80920846200598 ]
   },
   "dQ-0" : [ 0, 0, 0, 1 ],
   "dQ-1" : [ 0, 0, 0, 1 ],
   "dQ-10" : [
      0.17920972965619972,
      0.047789265811061084,
      -0.03356109360136237,
      0.98207622507933268
   ],
   "dQ-11" : [ 0, 0, 0, 1 ],
   "dQ-12" : [ 0, 0, 0, 1 ],
   "dQ-13" : [ 0, 0, 0, 1 ],
   "dQ-14" : [ 0, 0, 0, 1 ],
   "dQ-2" : [ 0, 0, 0, 1 ],
   "dQ-3" : [ 0, 0, 0, 1 ],
   "dQ-4" : [ 0, 0, 0, 1 ],
   "dQ-5" : [ 0, 0, 0, 1 ],
   "dQ-6" : [ 0, 0, 0, 1 ],
   "dQ-7" : [ 0, 0, 0, 1 ],
   "dQ-8" : [
      0.17563332905495099,
      -0.09367110577052426,
      -0.091222884498412232,
      0.97573410466816823
   ],
   "dQ-9" : [
      0.18600451751129154,
      0.055298652367344131,
      -0.092316729854552845,
      0.97663811102204523
   ],
   "threshold" : 1
}
