{
   "Camera" : {
      "m_angle" : 61,
      "m_aspect" : 1.7777777777777777,
      "m_at_dist" : 8.5160576820812981,
      "m_far" : 500,
      "m_near" : 0.01,
      "m_orthographic" : false,
      "m_rotation_conj" : [
         -0.037154300045584142,
         -0.52339436381200499,
         0.022851891437032982,
         0.85097337736012602
      ],
      "m_translation" : [ -0.85460098837790888, -0.62851936422748866, 9.0091857654679668 ]
   },
   "dQ-0" : [ 0, 0, 0, 1 ],
   "dQ-1" : [ 0, 0, 0, 1 ],
   "dQ-10" : [ 0, 0, 0, 1 ],
   "dQ-11" : [ 0, 0, 0, 1 ],
   "dQ-12" : [ 0, 0, 0, 1 ],
   "dQ-13" : [ 0, 0, 0, 1 ],
   "dQ-14" : [ 0, 0, 0, 1 ],
   "dQ-15" : [
      -0.34282447385680498,
      0.076183217453240221,
      -0.037052745688733645,
      0.93557179924375822
   ],
   "dQ-16" : [
      0.46744894441680046,
      0.19477038856617154,
      0.1313814799488863,
      0.85222936280548445
   ],
   "dQ-17" : [
      -0.40700998549187944,
      -0.50093536794351079,
      0.051516652937535858,
      0.76207129805767715
   ],
   "dQ-18" : [ 0, 0, 0, 1 ],
   "dQ-19" : [ 0, 0, 0, 1 ],
   "dQ-2" : [ 0, 0, 0, 1 ],
   "dQ-20" : [ 0, 0, 0, 1 ],
   "dQ-3" : [ 0, 0, 0, 1 ],
   "dQ-4" : [ 0, 0, 0, 1 ],
   "dQ-5" : [ 0, 0, 0, 1 ],
   "dQ-6" : [ 0, 0, 0, 1 ],
   "dQ-7" : [ 0, 0, 0, 1 ],
   "dQ-8" : [ 0, 0, 0, 1 ],
   "dQ-9" : [ 0, 0, 0, 1 ],
   "threshold" : 1
}
