{
   "Camera" : {
      "m_angle" : 61,
      "m_aspect" : 1.7777777777777777,
      "m_at_dist" : 8.5160576820812981,
      "m_far" : 500,
      "m_near" : 0.01,
      "m_orthographic" : false,
      "m_rotation_conj" : [
         -0.037154300045584142,
         -0.52339436381200499,
         0.022851891437032982,
         0.85097337736012602
      ],
      "m_translation" : [ -0.85460098837790888, -0.62851936422748866, 9.0091857654679668 ]
   },
   "dQ-0" : [ 0, 0, 0, 1 ],
   "dQ-1" : [ 0, 0, 0, 1 ],
   "dQ-10" : [ 0, 0, 0, 1 ],
   "dQ-11" : [ 0, 0, 0, 1 ],
   "dQ-12" : [
      0.43940362127584492,
      -0.1997289089403117,
      0.010894313526080442,
      0.87573633844667076
   ],
   "dQ-13" : [
      0.20463960771020617,
      0.040927933701395518,
      -0.1391549295265232,
      0.96803070239926559
   ],
   "dQ-14" : [
      -0.084148480029825043,
      -0.17594683384968557,
      0.07788950604690778,
      0.97769881344650822
   ],
   "dQ-15" : [ 0, 0, 0, 1 ],
   "dQ-16" : [ 0, 0, 0, 1 ],
   "dQ-17" : [ 0, 0, 0, 1 ],
   "dQ-18" : [ 0, 0, 0, 1 ],
   "dQ-19" : [ 0, 0, 0, 1 ],
   "dQ-2" : [ 0, 0, 0, 1 ],
   "dQ-20" : [ 0, 0, 0, 1 ],
   "dQ-3" : [ 0, 0, 0, 1 ],
   "dQ-4" : [ 0, 0, 0, 1 ],
   "dQ-5" : [ 0, 0, 0, 1 ],
   "dQ-6" : [ 0, 0, 0, 1 ],
   "dQ-7" : [ 0, 0, 0, 1 ],
   "dQ-8" : [ 0, 0, 0, 1 ],
   "dQ-9" : [ 0, 0, 0, 1 ],
   "threshold" : 1
}
