{
   "Camera" : {
      "m_angle" : 54,
      "m_aspect" : 1.7777777777777777,
      "m_at_dist" : 1.3044688332839949,
      "m_far" : 500,
      "m_near" : 0.01,
      "m_orthographic" : false,
      "m_rotation_conj" : [
         0.071307873670706318,
         0.19137251683653708,
         0.013941587502516829,
         0.97882448839928482
      ],
      "m_translation" : [ 0.64979614076437897, 0.46111828752335887, 1.6553735030473391 ]
   },
   "dQ-0" : [
      -0.01464626463403881,
      -0.67956843951979073,
      0.018524364469657467,
      0.73323193524416375
   ],
   "dQ-1" : [ 0, 0, 0, 1 ],
   "dQ-10" : [ 0, 0, 0, 1 ],
   "dQ-2" : [ 0, 0, 0, 1 ],
   "dQ-3" : [ 0, 0, 0, 1 ],
   "dQ-4" : [ 0, 0, 0, 1 ],
   "dQ-5" : [ 0, 0, 0, 1 ],
   "dQ-6" : [ 0, 0, 0, 1 ],
   "dQ-7" : [ 0, 0, 0, 1 ],
   "dQ-8" : [ 0, 0, 0, 1 ],
   "dQ-9" : [ 0, 0, 0, 1 ],
   "threshold" : 1
}
