{
   "Camera" : {
      "m_angle" : 54,
      "m_aspect" : 1.7777777777777777,
      "m_at_dist" : 1.3044688332839949,
      "m_far" : 500,
      "m_near" : 0.01,
      "m_orthographic" : false,
      "m_rotation_conj" : [
         0.1563873499040915,
         -0.024239085275961227,
         -0.0038390939554118334,
         0.98739086733297343
      ],
      "m_translation" : [ 0.47100271956352546, 0.31906367470501307, 1.9635242152891637 ]
   },
   "dQ-0" : [ 0, 0, 0, 1 ],
   "dQ-1" : [ 0, 0, 0, 1 ],
   "dQ-10" : [ 0, 0, 0, 1 ],
   "dQ-2" : [ 0, 0, 0, 1 ],
   "dQ-3" : [
      -0.53215873603637054,
      -0.072567099847640759,
      0.063551187368310377,
      0.84113158439328206
   ],
   "dQ-4" : [ 0, 0, 0, 1 ],
   "dQ-5" : [ 0, 0, 0, 1 ],
   "dQ-6" : [ 0, 0, 0, 1 ],
   "dQ-7" : [ 0, 0, 0, 1 ],
   "dQ-8" : [ 0, 0, 0, 1 ],
   "dQ-9" : [ 0, 0, 0, 1 ],
   "threshold" : 1
}
