{
   "Camera" : {
      "m_angle" : 54,
      "m_aspect" : 1.7777777777777777,
      "m_at_dist" : 1.3044688332839949,
      "m_far" : 500,
      "m_near" : 0.01,
      "m_orthographic" : false,
      "m_rotation_conj" : [
         0.16212907814723967,
         -0.024216340257193786,
         -0.0039800454723050221,
         0.98646433798780209
      ],
      "m_translation" : [ 0.47100271956352541, 0.31137379210047389, 1.9671919931774877 ]
   },
   "dQ-0" : [ 0, 0, 0, 1 ],
   "dQ-1" : [ 0, 0, 0, 1 ],
   "dQ-10" : [ 0, 0, 0, 1 ],
   "dQ-2" : [ 0, 0, 0, 1 ],
   "dQ-3" : [ 0, 0, 0, 1 ],
   "dQ-4" : [ 0, 0, 0, 1 ],
   "dQ-5" : [ 0, 0, 0, 1 ],
   "dQ-6" : [ 0, 0, 0, 1 ],
   "dQ-7" : [ 0, 0, 0, 1 ],
   "dQ-8" : [
      -0.38051798351949728,
      0.038828359820337985,
      -0.10448360221056197,
      0.91803137177387517
   ],
   "dQ-9" : [ 0, 0, 0, 1 ],
   "threshold" : 1
}
