{
   "Camera" : {
      "m_angle" : 65,
      "m_aspect" : 1.7777777777777777,
      "m_at_dist" : 3.6172738115160281,
      "m_far" : 500,
      "m_near" : 0.01,
      "m_orthographic" : false,
      "m_rotation_conj" : [
         0.25319482916497055,
         0.0015829287449386378,
         0.00041428944015907149,
         0.96741392443202401
      ],
      "m_translation" : [ -1.559358792264931e-10, 2.3465934639865793e-08, 3.6172737700467983 ]
   },
   "dQ-0" : [ 0, 0, 0, 1 ],
   "dQ-1" : [
      0.34606679200947704,
      -0.56933566569465566,
      -0.0064950954680555884,
      0.74568927105809535
   ],
   "dQ-2" : [
      -0.65928976981519116,
      0.14421964298437939,
      -0.069862240964188874,
      0.7346134774709433
   ],
   "dQ-3" : [
      -0.2585802725316409,
      0.15303731138906757,
      0.22355920827984682,
      0.92722009489309276
   ],
   "threshold" : 1
}
