{
   "Camera" : {
      "m_angle" : 65,
      "m_aspect" : 1.7777777777777777,
      "m_at_dist" : 3.6172738115160281,
      "m_far" : 500,
      "m_near" : 0.01,
      "m_orthographic" : false,
      "m_rotation_conj" : [
         0.12880713879433853,
         0.25807147731848395,
         0.034739760191264533,
         0.95687041058448707
      ],
      "m_translation" : [ -2.3959018768948681e-08, 1.102791576113038e-08, 3.6172737718332786 ]
   },
   "dQ-0" : [
      0.36728664723306548,
      -0.37478231064685225,
      -0.084564513190758403,
      0.84704638686397216
   ],
   "dQ-1" : [
      0.40286808209192249,
      0.45140638882916773,
      0.10625480114898436,
      0.78907509008241783
   ],
   "dQ-2" : [
      0.67611401045737607,
      0.024146930888562158,
      0.21446864123339815,
      0.70447851104161163
   ],
   "dQ-3" : [
      -0.16431015308046937,
      0.5662793136166917,
      0.085788293423507828,
      0.80310041792789733
   ],
   "threshold" : 1
}
