{
   "Camera" : {
      "m_angle" : 65,
      "m_aspect" : 1.7777777777777777,
      "m_at_dist" : 3.6172738115160281,
      "m_far" : 500,
      "m_near" : 0.01,
      "m_orthographic" : false,
      "m_rotation_conj" : [
         0.19068538224710613,
         -0.035328410910238917,
         -0.0068671474340766614,
         0.98099124902618329
      ],
      "m_translation" : [ 3.4274788285326707e-09, 1.7934647267292547e-08, 3.6172737675050528 ]
   },
   "dQ-0" : [ 0, 0, 0, 1 ],
   "dQ-1" : [
      0.7680079732143027,
      -0.10705565378582793,
      0.17323551264837367,
      0.60720037650614389
   ],
   "dQ-2" : [
      -0.86754560648632695,
      0.071027122463040257,
      0.033069120678515557,
      0.4911478410809122
   ],
   "dQ-3" : [
      -0.88554746753549785,
      -0.12814007218629755,
      -0.016382946092906442,
      0.44622573179823877
   ],
   "threshold" : 1
}
