{
   "Camera" : {
      "m_angle" : 65,
      "m_aspect" : 1.7777777777777777,
      "m_at_dist" : 3.6172738115160281,
      "m_far" : 500,
      "m_near" : 0.01,
      "m_orthographic" : false,
      "m_rotation_conj" : [
         -0.055696068999367243,
         -0.28666573358806285,
         0.016696377662421845,
         0.95626457429802836
      ],
      "m_translation" : [ 2.6212042869566687e-08, -4.4784396885377831e-09, 3.6172737719782115 ]
   },
   "dQ-0" : [
      -0.81535316605227104,
      0.48784843744625961,
      -0.17295244349986652,
      0.25940425782397264
   ],
   "dQ-1" : [
      -0.076343521103276968,
      -0.72421901904367902,
      0.11296185181549687,
      0.675957172663608
   ],
   "dQ-2" : [
      -0.33454806878059662,
      0.29677651219998263,
      -0.2569937376627674,
      0.85671203463223722
   ],
   "dQ-3" : [
      -0.17008506830946074,
      0.40558749862818111,
      -0.15367127223466004,
      0.88484743915800668
   ],
   "threshold" : 1
}
