{"vs": [[166.70733588090036, 0.0, 67.37860443591447], [52.57507299194293, 194.64199272834978, 0.0], [120.83314119725955, 121.82795204225415, 255.0], [0.0, 2.6566410575622705, 90.49359633415219]], "faces": [[[166.70733588090036, 0.0, 67.37860443591447], [0.0, 2.6566410575622705, 90.49359633415219], [120.83314119725955, 121.82795204225415, 255.0]], [[0.0, 2.6566410575622705, 90.49359633415219], [52.57507299194293, 194.64199272834978, 0.0], [120.83314119725955, 121.82795204225415, 255.0]], [[0.0, 2.6566410575622705, 90.49359633415219], [166.70733588090036, 0.0, 67.37860443591447], [52.57507299194293, 194.64199272834978, 0.0]], [[52.57507299194293, 194.64199272834978, 0.0], [166.70733588090036, 0.0, 67.37860443591447], [120.83314119725955, 121.82795204225415, 255.0]]]}