{
   "Camera" : {
      "m_angle" : 61,
      "m_aspect" : 1.7777777777777777,
      "m_at_dist" : 8.5160576820812981,
      "m_far" : 500,
      "m_near" : 0.01,
      "m_orthographic" : false,
      "m_rotation_conj" : [
         0.068828313230550608,
         -0.47855234357824611,
         -0.03766288624452916,
         0.87454663955293832
      ],
      "m_translation" : [ -0.80600414470848936, -0.74233622188322435, 8.9257514696383318 ]
   },
   "dQ-0" : [ 0, 0, 0, 1 ],
   "dQ-1" : [ 0, 0, 0, 1 ],
   "dQ-10" : [ 0, 0, 0, 1 ],
   "dQ-11" : [ 0, 0, 0, 1 ],
   "dQ-12" : [ 0, 0, 0, 1 ],
   "dQ-13" : [ 0, 0, 0, 1 ],
   "dQ-14" : [ 0, 0, 0, 1 ],
   "dQ-15" : [ 0, 0, 0, 1 ],
   "dQ-16" : [ 0, 0, 0, 1 ],
   "dQ-17" : [ 0, 0, 0, 1 ],
   "dQ-18" : [ 0, 0, 0, 1 ],
   "dQ-19" : [ 0, 0, 0, 1 ],
   "dQ-2" : [ 0, 0, 0, 1 ],
   "dQ-20" : [ 0, 0, 0, 1 ],
   "dQ-3" : [ 0, 0, 0, 1 ],
   "dQ-4" : [
      -0.26627842217930442,
      0.1657959993369387,
      -0.10285745972260911,
      0.94394270560504767
   ],
   "dQ-5" : [
      -0.24922965582747947,
      -0.13846092364733895,
      0.021650253536222165,
      0.95825070717461991
   ],
   "dQ-6" : [
      0.38310016050357737,
      0.14990876404695458,
      0.052695201462594397,
      0.90993672594684538
   ],
   "dQ-7" : [
      -0.16345095249648522,
      -0.25879735075544141,
      -0.12172143331220685,
      0.94418833398977065
   ],
   "dQ-8" : [ 0, 0, 0, 1 ],
   "dQ-9" : [ 0, 0, 0, 1 ],
   "threshold" : 1
}
