{
   "Camera" : {
      "m_angle" : 54,
      "m_aspect" : 1.7777777777777777,
      "m_at_dist" : 1.3044688332839949,
      "m_far" : 500,
      "m_near" : 0.01,
      "m_orthographic" : false,
      "m_rotation_conj" : [
         0.16786531892348128,
         -0.02419277560528417,
         -0.0041208622794467855,
         0.98550442048998665
      ],
      "m_translation" : [ 0.47100271956352546, 0.30364175446880792, 1.9707700489585196 ]
   },
   "dQ-0" : [ 0, 0, 0, 1 ],
   "dQ-1" : [ 0, 0, 0, 1 ],
   "dQ-10" : [ 0, 0, 0, 1 ],
   "dQ-2" : [
      -0.36245237543740028,
      0.069946946994372802,
      -0.060235308227287898,
      0.92741975814013999
   ],
   "dQ-3" : [ 0, 0, 0, 1 ],
   "dQ-4" : [ 0, 0, 0, 1 ],
   "dQ-5" : [ 0, 0, 0, 1 ],
   "dQ-6" : [ 0, 0, 0, 1 ],
   "dQ-7" : [ 0, 0, 0, 1 ],
   "dQ-8" : [ 0, 0, 0, 1 ],
   "dQ-9" : [ 0, 0, 0, 1 ],
   "threshold" : 1
}
