{
   "Camera" : {
      "m_angle" : 57,
      "m_aspect" : 1.7777777777777777,
      "m_at_dist" : 8.2023807483166546,
      "m_far" : 500,
      "m_near" : 0.01,
      "m_orthographic" : false,
      "m_rotation_conj" : [
         -0.07882551327089081,
         -0.59930743390011731,
         0.059466718251396405,
         0.7944059714969709
      ],
      "m_translation" : [ -0.92160126198997006, -0.60351101438371724, 8.5960561432626967 ]
   },
   "dQ-0" : [ 0, 0, 0, 1 ],
   "dQ-1" : [ 0, 0, 0, 1 ],
   "dQ-10" : [ 0, 0, 0, 1 ],
   "dQ-11" : [ 0, 0, 0, 1 ],
   "dQ-12" : [ 0, 0, 0, 1 ],
   "dQ-13" : [ 0, 0, 0, 1 ],
   "dQ-14" : [ 0, 0, 0, 1 ],
   "dQ-15" : [ 0, 0, 0, 1 ],
   "dQ-16" : [ 0.35220810274131814, 0, 0.16970026329495788, 0.92040820998130113 ],
   "dQ-17" : [ 0, 0, 0, 1 ],
   "dQ-18" : [ 0, 0, 0, 1 ],
   "dQ-19" : [ 0, 0, 0, 1 ],
   "dQ-2" : [ 0, 0, 0, 1 ],
   "dQ-20" : [ 0, 0, 0, 1 ],
   "dQ-3" : [ 0, 0, 0, 1 ],
   "dQ-4" : [ 0, 0, 0, 1 ],
   "dQ-5" : [ 0, 0, 0, 1 ],
   "dQ-6" : [ 0, 0, 0, 1 ],
   "dQ-7" : [ 0, 0, 0, 1 ],
   "dQ-8" : [ 0, 0, 0, 1 ],
   "dQ-9" : [ 0, 0, 0, 1 ],
   "threshold" : 1
}
