{
   "Camera" : {
      "m_angle" : 57,
      "m_aspect" : 1.7777777777777777,
      "m_at_dist" : 8.2023807483166546,
      "m_far" : 500,
      "m_near" : 0.01,
      "m_orthographic" : false,
      "m_rotation_conj" : [
         -0.0045032000717878289,
         -0.63311688559214541,
         0.0036833662908171963,
         0.77403434237763857
      ],
      "m_translation" : [ -0.93974015515902387, -0.66680096507113884, 8.4044195092802507 ]
   },
   "dQ-0" : [ 0, 0, 0, 1 ],
   "dQ-1" : [ 0, 0, 0, 1 ],
   "dQ-10" : [ 0, 0, 0, 1 ],
   "dQ-11" : [ 0, 0, 0, 1 ],
   "dQ-12" : [ 0, 0, 0, 1 ],
   "dQ-13" : [ 0, 0, 0, 1 ],
   "dQ-14" : [ 0, 0, 0, 1 ],
   "dQ-15" : [ 0, 0, 0, 1 ],
   "dQ-16" : [ 0, 0, 0, 1 ],
   "dQ-17" : [ 0, 0, 0, 1 ],
   "dQ-18" : [ 0, 0, 0, 1 ],
   "dQ-19" : [ 0, 0, 0, 1 ],
   "dQ-2" : [ 0, 0, 0, 1 ],
   "dQ-20" : [ 0, 0, 0, 1 ],
   "dQ-3" : [
      0.34787162922567777,
      0.08396901389805618,
      0.017448107246152075,
      0.93361132053889928
   ],
   "dQ-4" : [ 0, 0, 0, 1 ],
   "dQ-5" : [ 0, 0, 0, 1 ],
   "dQ-6" : [ 0, 0, 0, 1 ],
   "dQ-7" : [ 0, 0, 0, 1 ],
   "dQ-8" : [ 0, 0, 0, 1 ],
   "dQ-9" : [ 0, 0, 0, 1 ],
   "threshold" : 1
}
