{
   "Camera" : {
      "m_angle" : 57,
      "m_aspect" : 1.7777777777777777,
      "m_at_dist" : 8.2023807483166546,
      "m_far" : 500,
      "m_near" : 0.01,
      "m_orthographic" : false,
      "m_rotation_conj" : [
         0.0019251032173167538,
         -0.74967490966185635,
         -0.0021807220663308466,
         0.66179987024202391
      ],
      "m_translation" : [ -0.95269466659097723, -0.66842626613730771, 8.0834944742700863 ]
   },
   "dQ-0" : [ 0, 0, 0, 1 ],
   "dQ-1" : [ 0, 0, 0, 1 ],
   "dQ-10" : [
      0.3009703962563644,
      0.079501612349210854,
      -0.20345185545640715,
      0.9282799452333913
   ],
   "dQ-11" : [ 0, 0, 0, 1 ],
   "dQ-12" : [ 0, 0, 0, 1 ],
   "dQ-13" : [ 0, 0, 0, 1 ],
   "dQ-14" : [ 0, 0, 0, 1 ],
   "dQ-15" : [ 0, 0, 0, 1 ],
   "dQ-16" : [ 0, 0, 0, 1 ],
   "dQ-17" : [ 0, 0, 0, 1 ],
   "dQ-18" : [ 0, 0, 0, 1 ],
   "dQ-19" : [ 0, 0, 0, 1 ],
   "dQ-2" : [ 0, 0, 0, 1 ],
   "dQ-20" : [ 0, 0, 0, 1 ],
   "dQ-3" : [ 0, 0, 0, 1 ],
   "dQ-4" : [ 0, 0, 0, 1 ],
   "dQ-5" : [ 0, 0, 0, 1 ],
   "dQ-6" : [ 0, 0, 0, 1 ],
   "dQ-7" : [ 0, 0, 0, 1 ],
   "dQ-8" : [ 0, 0, 0, 1 ],
   "dQ-9" : [ 0, 0, 0, 1 ],
   "threshold" : 1
}
