{"vs": [[206.8194091860724, 149.32993154656216, 25.999306555362367], [0.0, 178.6953016821568, 0.0], [203.04487667447654, 254.99999999999997, 216.1536078576854], [106.88246843607945, 0.0, 151.8667702948948]], "faces": [[[206.8194091860724, 149.32993154656216, 25.999306555362367], [106.88246843607945, 0.0, 151.8667702948948], [203.04487667447654, 254.99999999999997, 216.1536078576854]], [[106.88246843607945, 0.0, 151.8667702948948], [0.0, 178.6953016821568, 0.0], [203.04487667447654, 254.99999999999997, 216.1536078576854]], [[106.88246843607945, 0.0, 151.8667702948948], [206.8194091860724, 149.32993154656216, 25.999306555362367], [0.0, 178.6953016821568, 0.0]], [[0.0, 178.6953016821568, 0.0], [206.8194091860724, 149.32993154656216, 25.999306555362367], [203.04487667447654, 254.99999999999997, 216.1536078576854]]]}