{
   "Camera" : {
      "m_angle" : 77,
      "m_aspect" : 1.3333333333333333,
      "m_at_dist" : 4.0185875274953586,
      "m_far" : 500,
      "m_near" : 0.01,
      "m_orthographic" : false,
      "m_rotation_conj" : [
         0.018293938197402899,
         -0.058125992127717199,
         0.0010653337042754701,
         -0.99814105512622653
      ],
      "m_translation" : [ -0.84292317593867261, -0.47792448365519535, 4.3208935243632531 ]
   },
   "dQ-0" : [ 0, 0, -0.71000000000000041, 0.70999999999999974 ],
   "dQ-1" : [ 0, 0, 0, 1 ],
   "threshold" : 1
}
