{
   "Camera" : {
      "m_angle" : 45,
      "m_aspect" : 1.7777777777777777,
      "m_at_dist" : 8.4852809906005859,
      "m_far" : 500,
      "m_near" : 0.01,
      "m_orthographic" : false,
      "m_rotation_conj" : [ 0.0087265354983739347, 0, 0, 0.99996192306417131 ],
      "m_translation" : [ 0, 0.49119764435955382, 8.9939310413974241 ]
   },
   "dQ-0" : [
      0.72867076189741831,
      -0.25333714486029224,
      -0.55900373280596771,
      0.30393097653721524
   ],
   "dQ-1" : [
      -0.48942060901912254,
      0.48942058249935805,
      -0.44492780347758748,
      0.56830820035078633
   ],
   "dQ-2" : [
      0.3881430289300728,
      0.19099101463617343,
      -0.15637739709787002,
      0.88792653474154537
   ],
   "dQ-3" : [
      0.22207638861005877,
      0.41330881399430852,
      0.22572157476679275,
      0.85376089895317375
   ],
   "threshold" : 1
}
