{
   "Camera" : {
      "m_angle" : 55,
      "m_aspect" : 1.7777777777777777,
      "m_at_dist" : 5.4670488432693709,
      "m_far" : 500,
      "m_near" : 0.01,
      "m_orthographic" : false,
      "m_rotation_conj" : [ 0.0058177313549938334, 0, 0, 0.99998307685774424 ],
      "m_translation" : [ 0, 0.49414852110118257, 5.9728326301719532 ]
   },
   "dQ-0" : [
      -0.56507084328333457,
      -0.066047243087437674,
      -0.049502074483742352,
      0.82090331243905701
   ],
   "dQ-1" : [
      0.4303783877022288,
      -0.030499250485419738,
      -0.27067317982073053,
      0.86056973502697165
   ],
   "dQ-2" : [ 0, 0, 0, 1 ],
   "dQ-3" : [ 0, 0, 0, 1 ],
   "threshold" : 1
}
