{
   "Camera" : {
      "m_angle" : 50,
      "m_aspect" : 1.7777777777777777,
      "m_at_dist" : 1.6740326594607371,
      "m_far" : 500,
      "m_near" : 0.01,
      "m_orthographic" : false,
      "m_rotation_conj" : [ 0.0029088779843619342, 0, 0, 0.99999576920548627 ],
      "m_translation" : [ 0.49635306000709534, 0.50416353140705494, 2.1814299006073896 ]
   },
   "dQ-0" : [
      0.1527093047921711,
      0.20823994275303845,
      -0.036599751543097296,
      0.96538927519373585
   ],
   "dQ-1" : [
      -0.45549016740049997,
      -0.03088068459671757,
      0.082605843340858257,
      0.88586193358008569
   ],
   "dQ-10" : [ 0, 0, 0, 1 ],
   "dQ-2" : [ 0, 0, 0, 1 ],
   "dQ-3" : [ 0, 0, 0, 1 ],
   "dQ-4" : [ 0, 0, 0, 1 ],
   "dQ-5" : [
      -0.38815103880638013,
      -0.015842900669304064,
      -0.035070417312315673,
      0.92079196314990208
   ],
   "dQ-6" : [ 0, 0, 0, 1 ],
   "dQ-7" : [ 0, 0, 0, 1 ],
   "dQ-8" : [ 0, 0, 0, 1 ],
   "dQ-9" : [ 0, 0, 0, 1 ],
   "threshold" : 1
}
