{
   "Camera" : {
      "m_angle" : 50,
      "m_aspect" : 1.7777777777777777,
      "m_at_dist" : 1.6740326594607371,
      "m_far" : 500,
      "m_near" : 0.01,
      "m_orthographic" : false,
      "m_rotation_conj" : [ 0.0058177313549938334, 0, 0, 0.99998307685774424 ],
      "m_translation" : [ 0.49635306000709534, 0.50120309853663658, 2.1843544018364089 ]
   },
   "dQ-0" : [ 0, 0, 0, 1 ],
   "dQ-1" : [ 0, 0, 0, 1 ],
   "dQ-10" : [
      -0.27107173969738063,
      0.16742666871185863,
      -0.0047111397306539033,
      0.94787458437491789
   ],
   "dQ-2" : [
      0.34872689260086753,
      0.034022135024024527,
      0.0088921485986258788,
      0.93656445501559049
   ],
   "dQ-3" : [ 0, 0, 0, 1 ],
   "dQ-4" : [
      -0.25376679781000122,
      -0.08750579568680715,
      0.0069209126847337632,
      0.96327423354831154
   ],
   "dQ-5" : [ 0, 0, 0, 1 ],
   "dQ-6" : [ 0, 0, 0, 1 ],
   "dQ-7" : [ 0, 0, 0, 1 ],
   "dQ-8" : [ 0, 0, 0, 1 ],
   "dQ-9" : [
      0.28531943419683586,
      0.012141250401879921,
      -0.077648828854569238,
      0.95520472668731604
   ],
   "threshold" : 1
}
