{
   "Camera" : {
      "m_angle" : 50,
      "m_aspect" : 1.7777777777777777,
      "m_at_dist" : 1.6740326594607371,
      "m_far" : 500,
      "m_near" : 0.01,
      "m_orthographic" : false,
      "m_rotation_conj" : [ 0.0029088779843619342, 0, 0, 0.99999576920548627 ],
      "m_translation" : [ 0.49635306000709534, 0.50416353140705494, 2.1814299006073896 ]
   },
   "dQ-0" : [ 0, 0, 0, 1 ],
   "dQ-1" : [ 0, 0, 0, 1 ],
   "dQ-10" : [ 0, 0, 0, 1 ],
   "dQ-2" : [ 0, 0, 0, 1 ],
   "dQ-3" : [
      0.63557903927860704,
      -3.4161896635086706e-19,
      0.0057779910832092491,
      0.77201418358002039
   ],
   "dQ-4" : [ 0, 0, 0, 1 ],
   "dQ-5" : [ 0, 0, 0, 1 ],
   "dQ-6" : [
      -0.2873730223929592,
      -0.0073685441456301706,
      0.10289159739415714,
      0.95224774599029027
   ],
   "dQ-7" : [ 0, 0, 0, 1 ],
   "dQ-8" : [ 0, 0, 0, 1 ],
   "dQ-9" : [ 0, 0, 0, 1 ],
   "threshold" : 1
}
