{
   "Camera" : {
      "m_angle" : 45,
      "m_aspect" : 1.7777777777777777,
      "m_at_dist" : 8.4852809906005859,
      "m_far" : 500,
      "m_near" : 0.01,
      "m_orthographic" : false,
      "m_rotation_conj" : [ -0, -0, -0, 1 ],
      "m_translation" : [ 0, 0.5, 8.9852809906005859 ]
   },
   "dQ-0" : [ 0, 0, 0, 1 ],
   "dQ-1" : [ 0, 0, 0, 1 ],
   "dQ-2" : [
      -0.066562630874814441,
      -0.48257905793130923,
      -0.26609923086497406,
      0.83179208240414415
   ],
   "dQ-3" : [ 0, 0, 0, 1 ],
   "threshold" : 1
}
