{
   "Camera" : {
      "m_angle" : 45,
      "m_aspect" : 1.7777777777777777,
      "m_at_dist" : 8.4852809906005859,
      "m_far" : 500,
      "m_near" : 0.01,
      "m_orthographic" : false,
      "m_rotation_conj" : [ 0.0029088779843619342, 0, 0, 0.99999576920548627 ],
      "m_translation" : [ 0, 0.49708267275137519, 8.9881813947069578 ]
   },
   "dQ-0" : [
      0.13394666031675456,
      0.37608100261584199,
      0.098492948043103809,
      0.91154841388004693
   ],
   "dQ-1" : [ 0, 0, 0, 1 ],
   "dQ-2" : [ 0, 0, 0, 1 ],
   "dQ-3" : [ 0, 0, 0, 1 ],
   "threshold" : 1
}
