{
   "Camera" : {
      "m_angle" : 50,
      "m_aspect" : 1.7777777777777777,
      "m_at_dist" : 6.0421607652665097,
      "m_far" : 500,
      "m_near" : 0.01,
      "m_orthographic" : false,
      "m_rotation_conj" : [ -0, -0, -0, 1 ],
      "m_translation" : [ 0, 0.5, 6.5421607652665124 ]
   },
   "dQ-0" : [ 0, 0, 0, 1 ],
   "dQ-1" : [ 0, 0, 0, 1 ],
   "dQ-2" : [
      -0.38224050332049203,
      0.46813724548150626,
      -0.01796022741768143,
      0.79650307422218414
   ],
   "dQ-3" : [ 0, 0, 0, 1 ],
   "threshold" : 1
}
