{
   "Camera" : {
      "m_angle" : 50,
      "m_aspect" : 1.7777777777777777,
      "m_at_dist" : 6.0421607652665097,
      "m_far" : 500,
      "m_near" : 0.01,
      "m_orthographic" : false,
      "m_rotation_conj" : [ -0, -0, -0, 1 ],
      "m_translation" : [ 0, 0.5, 6.5421607652665124 ]
   },
   "dQ-0" : [ 0, 0, 0, 1 ],
   "dQ-1" : [
      0.2901075332699854,
      -0.039336613621984408,
      0.008627236473615409,
      0.95614633856935694
   ],
   "dQ-2" : [ 0, 0, 0, 1 ],
   "dQ-3" : [ 0, 0, 0, 1 ],
   "threshold" : 1
}
