{"vs": [[116.91729998838159, 0.0, 93.01801506645019], [0.0, 255.0, 0.0], [52.7049397114881, 129.92400768539244, 112.52835002375346], [6.354435772303569, 80.29986514487625, 74.45887407396644]], "faces": [[[116.91729998838159, 0.0, 93.01801506645019], [6.354435772303569, 80.29986514487625, 74.45887407396644], [52.7049397114881, 129.92400768539244, 112.52835002375346]], [[6.354435772303569, 80.29986514487625, 74.45887407396644], [0.0, 255.0, 0.0], [52.7049397114881, 129.92400768539244, 112.52835002375346]], [[6.354435772303569, 80.29986514487625, 74.45887407396644], [116.91729998838159, 0.0, 93.01801506645019], [0.0, 255.0, 0.0]], [[0.0, 255.0, 0.0], [116.91729998838159, 0.0, 93.01801506645019], [52.7049397114881, 129.92400768539244, 112.52835002375346]]]}