{
   "Camera" : {
      "m_angle" : 64,
      "m_aspect" : 1.3333333333333333,
      "m_at_dist" : 7.5529125503402383,
      "m_far" : 500,
      "m_near" : 0.01,
      "m_orthographic" : false,
      "m_rotation_conj" : [
         -0.021725899667771331,
         0.72185671156629494,
         0.022685261062861173,
         -0.69132933698840726
      ],
      "m_translation" : [ -0.18255888640886181, -0.25370209331878868, 7.4888118947084301 ]
   },
   "dQ-0" : [ 0, 0, 0, 1 ],
   "dQ-1" : [ 0, 0, 0, 1 ],
   "dQ-10" : [ 0, 0, 0, 1 ],
   "dQ-11" : [ 0, 0, 0, 1 ],
   "dQ-12" : [ 0, 0, 0, 1 ],
   "dQ-13" : [ 0, 0, 0, 1 ],
   "dQ-14" : [ 0, 0, 0, 1 ],
   "dQ-15" : [ 0, 0, 0, 1 ],
   "dQ-16" : [ 0, 0, 0, 1 ],
   "dQ-17" : [ 0, 0, 0, 1 ],
   "dQ-18" : [ 0, 0, 0, 1 ],
   "dQ-19" : [
      -0.50367656825975282,
      0.10641054752381338,
      0.01431705470397397,
      0.85719410398483509
   ],
   "dQ-2" : [ 0, 0, 0, 1 ],
   "dQ-20" : [
      -0.36578470725798201,
      -0.021102963914914077,
      -0.043420946540419426,
      0.92944652038282027
   ],
   "dQ-3" : [ 0, 0, 0, 1 ],
   "dQ-4" : [ 0, 0, 0, 1 ],
   "dQ-5" : [ 0, 0, 0, 1 ],
   "dQ-6" : [ 0, 0, 0, 1 ],
   "dQ-7" : [ 0, 0, 0, 1 ],
   "dQ-8" : [ 0, 0, 0, 1 ],
   "dQ-9" : [
      -0.2873687524614138,
      -0.011146111024801678,
      -0.0011307293196118706,
      0.95775450182653765
   ],
   "threshold" : 1
}
