{"vs": [[191.89335934989424, 10.485934208920003, 255.0], [121.25630492049945, 188.5623190476154, 240.84140181478733], [0.0, 0.0, 248.02553682152117], [92.4091540979751, 4.949236599285644, 0.0]], "faces": [[[191.89335934989424, 10.485934208920003, 255.0], [92.4091540979751, 4.949236599285644, 0.0], [0.0, 0.0, 248.02553682152117]], [[92.4091540979751, 4.949236599285644, 0.0], [121.25630492049945, 188.5623190476154, 240.84140181478733], [0.0, 0.0, 248.02553682152117]], [[92.4091540979751, 4.949236599285644, 0.0], [191.89335934989424, 10.485934208920003, 255.0], [121.25630492049945, 188.5623190476154, 240.84140181478733]], [[121.25630492049945, 188.5623190476154, 240.84140181478733], [191.89335934989424, 10.485934208920003, 255.0], [0.0, 0.0, 248.02553682152117]]]}