{"vs": [[189.70609699988543, 177.99966648410103, 167.87962021511345], [0.0, 173.52981948262118, 185.26607932884886], [127.70559374135092, 0.0, 255.0], [164.12432435147767, 35.68175439553394, 0.0]], "faces": [[[189.70609699988543, 177.99966648410103, 167.87962021511345], [164.12432435147767, 35.68175439553394, 0.0], [127.70559374135092, 0.0, 255.0]], [[164.12432435147767, 35.68175439553394, 0.0], [0.0, 173.52981948262118, 185.26607932884886], [127.70559374135092, 0.0, 255.0]], [[164.12432435147767, 35.68175439553394, 0.0], [189.70609699988543, 177.99966648410103, 167.87962021511345], [0.0, 173.52981948262118, 185.26607932884886]], [[0.0, 173.52981948262118, 185.26607932884886], [189.70609699988543, 177.99966648410103, 167.87962021511345], [127.70559374135092, 0.0, 255.0]]]}