{
   "Camera" : {
      "m_angle" : 57,
      "m_aspect" : 1.7777777777777777,
      "m_at_dist" : 8.2023807483166546,
      "m_far" : 500,
      "m_near" : 0.01,
      "m_orthographic" : false,
      "m_rotation_conj" : [
         -0.076514349735208528,
         -0.59947787978103773,
         0.057723154459594576,
         0.79463190432870456
      ],
      "m_translation" : [ -0.92160126198996917, -0.60579109876983506, 8.5925384160865192 ]
   },
   "dQ-0" : [ 0, 0, 0, 1 ],
   "dQ-1" : [ 0, 0, 0, 1 ],
   "dQ-10" : [ 0, 0, 0, 1 ],
   "dQ-11" : [ 0, 0, 0, 1 ],
   "dQ-12" : [ 0, 0, 0, 1 ],
   "dQ-13" : [
      0.26821356800802182,
      -0.0586717089857762,
      -0.050975816460126756,
      0.96021902638789558
   ],
   "dQ-14" : [ 0, 0, 0, 1 ],
   "dQ-15" : [ 0, 0, 0, 1 ],
   "dQ-16" : [ 0, 0, 0, 1 ],
   "dQ-17" : [ 0, 0, 0, 1 ],
   "dQ-18" : [ 0, 0, 0, 1 ],
   "dQ-19" : [ 0, 0, 0, 1 ],
   "dQ-2" : [ 0, 0, 0, 1 ],
   "dQ-20" : [ 0, 0, 0, 1 ],
   "dQ-3" : [ 0, 0, 0, 1 ],
   "dQ-4" : [ 0, 0, 0, 1 ],
   "dQ-5" : [ 0, 0, 0, 1 ],
   "dQ-6" : [ 0, 0, 0, 1 ],
   "dQ-7" : [ 0, 0, 0, 1 ],
   "dQ-8" : [ 0, 0, 0, 1 ],
   "dQ-9" : [ 0, 0, 0, 1 ],
   "threshold" : 1
}
