{
   "Camera" : {
      "m_angle" : 57,
      "m_aspect" : 1.7777777777777777,
      "m_at_dist" : 8.2023807483166546,
      "m_far" : 500,
      "m_near" : 0.01,
      "m_orthographic" : false,
      "m_rotation_conj" : [
         0.013669504330769435,
         -0.34147144906341542,
         -0.0049668511403893854,
         0.93977961486490635
      ],
      "m_translation" : [ -0.61290503445209454, -0.69029898370027376, 8.920983196834241 ]
   },
   "dQ-0" : [ 0, 0, 0, 1 ],
   "dQ-1" : [ 0, 0, 0, 1 ],
   "dQ-10" : [ 0, 0, 0, 1 ],
   "dQ-11" : [ 0, 0, 0, 1 ],
   "dQ-12" : [ 0, 0, 0, 1 ],
   "dQ-13" : [ 0, 0, 0, 1 ],
   "dQ-14" : [ 0, 0, 0, 1 ],
   "dQ-15" : [ 0, 0, 0, 1 ],
   "dQ-16" : [ 0, 0, 0, 1 ],
   "dQ-17" : [ 0, 0, 0, 1 ],
   "dQ-18" : [ 0, 0, 0, 1 ],
   "dQ-19" : [ 0, 0, 0, 1 ],
   "dQ-2" : [ 0, 0, 0, 1 ],
   "dQ-20" : [ 0, 0, 0, 1 ],
   "dQ-3" : [ 0, 0, 0, 1 ],
   "dQ-4" : [ 0, 0, 0, 1 ],
   "dQ-5" : [ 0, 0, 0, 1 ],
   "dQ-6" : [ 0, 0, 0, 1 ],
   "dQ-7" : [
      -0.38434717419282183,
      0.016710747913558956,
      0.011545607077565703,
      0.9229651670303558
   ],
   "dQ-8" : [ 0, 0, 0, 1 ],
   "dQ-9" : [ 0, 0, 0, 1 ],
   "threshold" : 1
}
