{
   "Camera" : {
      "m_angle" : 83,
      "m_aspect" : 1.7777777777777777,
      "m_at_dist" : 3.1757383463149993,
      "m_far" : 500,
      "m_near" : 0.01,
      "m_orthographic" : false,
      "m_rotation_conj" : [
         -0.50921352983185897,
         -0.12854659905331425,
         0.077238589081061959,
         0.84747362983444618
      ],
      "m_translation" : [ -0.1482707874873409, 0.65635206193809204, 2.9584419027939703 ]
   },
   "dQ-0" : [
      0.80216558944919314,
      -0.28726617273354016,
      -0.3334785883822754,
      0.40348549440744141
   ],
   "dQ-1" : [
      0.90064682663078832,
      -0.039462461240726519,
      -0.2118113205991953,
      0.37737775808695961
   ],
   "dQ-2" : [
      0.49759164958678004,
      -0.029706959430437638,
      -0.091348913672510371,
      0.86207622794840932
   ],
   "dQ-3" : [
      -0.70875232145075395,
      0.29368472836986226,
      0.1719856238971588,
      0.61793233637121836
   ],
   "threshold" : 0.015625
}
