{
   "Camera" : {
      "m_angle" : 79,
      "m_aspect" : 1.7777777777777777,
      "m_at_dist" : 3.3253931318141783,
      "m_far" : 500,
      "m_near" : 0.01,
      "m_orthographic" : false,
      "m_rotation_conj" : [
         -0.96842955165455324,
         -0.0010603803600321966,
         -0.0041199566410556662,
         -0.24925108832847467
      ],
      "m_translation" : [ 0.004214991748130989, -0.67702653059484508, 3.1329569975690417 ]
   },
   "dQ-0" : [
      -0.2154302958960288,
      -0.25388931478249105,
      0.33175314008166606,
      0.88264934005265161
   ],
   "dQ-1" : [
      0.22960391632637006,
      0.38260289000713843,
      -0.21156513403054869,
      0.86956153561919636
   ],
   "dQ-2" : [
      -0.40926087668328559,
      0.044021322873516192,
      0.081849794581701163,
      0.90767189505670354
   ],
   "dQ-3" : [
      -0.16727371884878683,
      -0.35405290177543547,
      0.021915640987147392,
      0.91988355263425237
   ],
   "threshold" : 0.125
}
