{"vs": [[178.20517956764942, 19.624359922016986, 255.0], [90.98725770587406, 180.54723382474094, 115.3554381590129], [0.0, 107.62229757568534, 156.36490777715326], [15.113400498382708, 0.0, 0.0]], "faces": [[[178.20517956764942, 19.624359922016986, 255.0], [15.113400498382708, 0.0, 0.0], [0.0, 107.62229757568534, 156.36490777715326]], [[15.113400498382708, 0.0, 0.0], [90.98725770587406, 180.54723382474094, 115.3554381590129], [0.0, 107.62229757568534, 156.36490777715326]], [[15.113400498382708, 0.0, 0.0], [178.20517956764942, 19.624359922016986, 255.0], [90.98725770587406, 180.54723382474094, 115.3554381590129]], [[90.98725770587406, 180.54723382474094, 115.3554381590129], [178.20517956764942, 19.624359922016986, 255.0], [0.0, 107.62229757568534, 156.36490777715326]]]}