{"vs": [[126.9644725477984, 251.24629041792042, 83.27231882807548], [0.0, 219.8796704137373, 140.70337887396352], [181.5216244110962, 87.03011732218427, 255.0], [2.971539158501192, 0.0, 0.0]], "faces": [[[126.9644725477984, 251.24629041792042, 83.27231882807548], [2.971539158501192, 0.0, 0.0], [181.5216244110962, 87.03011732218427, 255.0]], [[2.971539158501192, 0.0, 0.0], [0.0, 219.8796704137373, 140.70337887396352], [181.5216244110962, 87.03011732218427, 255.0]], [[2.971539158501192, 0.0, 0.0], [126.9644725477984, 251.24629041792042, 83.27231882807548], [0.0, 219.8796704137373, 140.70337887396352]], [[0.0, 219.8796704137373, 140.70337887396352], [126.9644725477984, 251.24629041792042, 83.27231882807548], [181.5216244110962, 87.03011732218427, 255.0]]]}