{
   "Camera" : {
      "m_angle" : 56,
      "m_aspect" : 1.7777777777777777,
      "m_at_dist" : 4.6034473949260066,
      "m_far" : 500,
      "m_near" : 0.01,
      "m_orthographic" : false,
      "m_rotation_conj" : [ 0.0029088779843619342, 0, 0, 0.99999576920548627 ],
      "m_translation" : [ 0, 4.1911805537819671e-10, 4.6034473472794026 ]
   },
   "dQ-0" : [ 0, 0, 0, 1 ],
   "dQ-1" : [ 0, 0, 0, 1 ],
   "dQ-2" : [ 0, 0, 0, 1 ],
   "dQ-3" : [
      -0.55154249828349289,
      0.40786337293909614,
      -0.19318734364723503,
      0.70151763474375484
   ],
   "threshold" : 1
}
