{
   "Camera" : {
      "m_angle" : 56,
      "m_aspect" : 1.7777777777777777,
      "m_at_dist" : 4.6034473949260066,
      "m_far" : 500,
      "m_near" : 0.01,
      "m_orthographic" : false,
      "m_rotation_conj" : [ 0.0087265354983739347, 0, 0, 0.99996192306417131 ],
      "m_translation" : [ 0, 9.7347056645855339e-10, 4.6034473472875046 ]
   },
   "dQ-0" : [ 0, 0, 0, 1 ],
   "dQ-1" : [
      0.51421173492809247,
      -0.3951311266214439,
      0.12183619748771124,
      0.7514077624158837
   ],
   "dQ-2" : [ 0, 0, 0, 1 ],
   "dQ-3" : [ 0, 0, 0, 1 ],
   "threshold" : 1
}
