{
   "Camera" : {
      "m_angle" : 56,
      "m_aspect" : 1.7777777777777777,
      "m_at_dist" : 4.6034473949260066,
      "m_far" : 500,
      "m_near" : 0.01,
      "m_orthographic" : false,
      "m_rotation_conj" : [ 0.0058177313549938334, 0, 0, 0.99998307685774424 ],
      "m_translation" : [ 0, 6.9630609119177226e-10, 4.603447347282648 ]
   },
   "dQ-0" : [
      0.35348806967800639,
      0.60525298727458743,
      0.13873656869907461,
      0.69961930397617811
   ],
   "dQ-1" : [ 0, 0, 0, 1 ],
   "dQ-2" : [ 0, 0, 0, 1 ],
   "dQ-3" : [ 0, 0, 0, 1 ],
   "threshold" : 1
}
