{"vs": [[168.422815002954, 0.0, 65.76942014383923], [90.36734281272318, 194.66705093083905, 0.0], [119.88834542314004, 122.05673174384505, 255.0], [0.0, 13.21965601967616, 84.8732497628998]], "faces": [[[168.422815002954, 0.0, 65.76942014383923], [0.0, 13.21965601967616, 84.8732497628998], [119.88834542314004, 122.05673174384505, 255.0]], [[0.0, 13.21965601967616, 84.8732497628998], [90.36734281272318, 194.66705093083905, 0.0], [119.88834542314004, 122.05673174384505, 255.0]], [[0.0, 13.21965601967616, 84.8732497628998], [168.422815002954, 0.0, 65.76942014383923], [90.36734281272318, 194.66705093083905, 0.0]], [[90.36734281272318, 194.66705093083905, 0.0], [168.422815002954, 0.0, 65.76942014383923], [119.88834542314004, 122.05673174384505, 255.0]]]}