{"vs": [[185.83183257145714, 119.47235757156916, 201.29203284341878], [154.74305624258267, 255.0, 36.86074365320401], [0.0, 216.00307101156346, 107.97252254930889], [52.82867829216749, 0.0, 0.0]], "faces": [[[185.83183257145714, 119.47235757156916, 201.29203284341878], [52.82867829216749, 0.0, 0.0], [0.0, 216.00307101156346, 107.97252254930889]], [[52.82867829216749, 0.0, 0.0], [154.74305624258267, 255.0, 36.86074365320401], [0.0, 216.00307101156346, 107.97252254930889]], [[52.82867829216749, 0.0, 0.0], [185.83183257145714, 119.47235757156916, 201.29203284341878], [154.74305624258267, 255.0, 36.86074365320401]], [[154.74305624258267, 255.0, 36.86074365320401], [185.83183257145714, 119.47235757156916, 201.29203284341878], [0.0, 216.00307101156346, 107.97252254930889]]]}