{
   "Camera" : {
      "m_angle" : 55,
      "m_aspect" : 1.7777777777777777,
      "m_at_dist" : 5.691309131368735,
      "m_far" : 500,
      "m_near" : 0.01,
      "m_orthographic" : false,
      "m_rotation_conj" : [
         -0.086908983222992439,
         -0.074910132551442757,
         0.0065537873814755423,
         0.99337422381861173
      ],
      "m_translation" : [ -0.074983377777018245, 0.57824607517665538, 6.091320343211545 ]
   },
   "dQ-0" : [
      0.61988524232978448,
      0.021375353485828211,
      0.00077728547706072519,
      0.78440090287581099
   ],
   "dQ-1" : [
      0.089383132130406537,
      0.47846258699431954,
      0.24109542875584733,
      0.8396172954211315
   ],
   "dQ-2" : [ 0, 0.16947768630965085, -0.010784943490584011, 0.98547501177707819 ],
   "dQ-3" : [
      -0.46542836281927608,
      0.11170280626286995,
      0.16095359522659608,
      0.86312969033627907
   ],
   "threshold" : 1
}
