{
   "Camera" : {
      "m_angle" : 45,
      "m_aspect" : 1.7777777777777777,
      "m_at_dist" : 2.5477471351623535,
      "m_far" : 500,
      "m_near" : 0.01,
      "m_orthographic" : false,
      "m_rotation_conj" : [ 0.0058177313549938334, 0, 0, 0.99998307685774424 ],
      "m_translation" : [ 0.49635306000709534, 0.50120309853663636, 3.0580688775380258 ]
   },
   "dQ-0" : [ 0, 0, 0, 1 ],
   "dQ-1" : [ 0, 0, 0, 1 ],
   "dQ-10" : [ 0, 0, 0, 1 ],
   "dQ-2" : [ 0, 0, 0, 1 ],
   "dQ-3" : [
      -0.54179048172121913,
      -0.049253685202291689,
      -0.15134312008470702,
      0.82530746295747792
   ],
   "dQ-4" : [ 0, 0, 0, 1 ],
   "dQ-5" : [ 0, 0, 0, 1 ],
   "dQ-6" : [ 0, 0, 0, 1 ],
   "dQ-7" : [ 0, 0, 0, 1 ],
   "dQ-8" : [ 0, 0, 0, 1 ],
   "dQ-9" : [ 0, 0, 0, 1 ],
   "threshold" : 1
}
