{
   "Camera" : {
      "m_angle" : 45,
      "m_aspect" : 1.7777777777777777,
      "m_at_dist" : 2.5477471351623535,
      "m_far" : 500,
      "m_near" : 0.01,
      "m_orthographic" : false,
      "m_rotation_conj" : [ 0.0087265354983739347, 0, 0, 0.99996192306417131 ],
      "m_translation" : [ 0.49635306000709534, 0.49822570180354675, 3.0609761062721597 ]
   },
   "dQ-0" : [ 0, 0, 0, 1 ],
   "dQ-1" : [ 0, 0, 0, 1 ],
   "dQ-10" : [
      -0.37620957750353862,
      -0.047881219388183627,
      -0.015794584409599955,
      0.92516175543946777
   ],
   "dQ-2" : [ 0, 0, 0, 1 ],
   "dQ-3" : [ 0, 0, 0, 1 ],
   "dQ-4" : [ 0, 0, 0, 1 ],
   "dQ-5" : [ 0, 0, 0, 1 ],
   "dQ-6" : [ 0, 0, 0, 1 ],
   "dQ-7" : [ 0, 0, 0, 1 ],
   "dQ-8" : [ 0, 0, 0, 1 ],
   "dQ-9" : [ 0, 0, 0, 1 ],
   "threshold" : 1
}
