{
   "Camera" : {
      "m_angle" : 45,
      "m_aspect" : 1.7777777777777777,
      "m_at_dist" : 2.5477471351623535,
      "m_far" : 500,
      "m_near" : 0.01,
      "m_orthographic" : false,
      "m_rotation_conj" : [ -0, -0, -0, 1 ],
      "m_translation" : [ 0.49635306000709534, 0.50710690021514893, 3.0522027015686035 ]
   },
   "dQ-0" : [
      -0.37405470619133213,
      0.030165701474198569,
      0.045248554908321734,
      0.92581082058344644
   ],
   "dQ-1" : [ 0, 0, 0, 1 ],
   "dQ-10" : [ 0, 0, 0, 1 ],
   "dQ-2" : [ 0, 0, 0, 1 ],
   "dQ-3" : [ 0, 0, 0, 1 ],
   "dQ-4" : [ 0, 0, 0, 1 ],
   "dQ-5" : [ 0, 0, 0, 1 ],
   "dQ-6" : [ 0, 0, 0, 1 ],
   "dQ-7" : [ 0, 0, 0, 1 ],
   "dQ-8" : [ 0, 0, 0, 1 ],
   "dQ-9" : [ 0, 0, 0, 1 ],
   "threshold" : 1
}
