{
   "Camera" : {
      "m_angle" : 61,
      "m_aspect" : 1.7777777777777777,
      "m_at_dist" : 8.5160576820812981,
      "m_far" : 500,
      "m_near" : 0.01,
      "m_orthographic" : false,
      "m_rotation_conj" : [
         0.10463587743206787,
         -0.65292910695198192,
         -0.091763201692518503,
         0.74452295415524095
      ],
      "m_translation" : [ -0.95086189934596632, -0.67882033885252291, 8.4558967055084295 ]
   },
   "dQ-0" : [ 0, 0, 0, 1 ],
   "dQ-1" : [ 0, 0, 0, 1 ],
   "dQ-10" : [ 0, 0, 0, 1 ],
   "dQ-11" : [ 0, 0, 0, 1 ],
   "dQ-12" : [ 0, 0, 0, 1 ],
   "dQ-13" : [ 0, 0, 0, 1 ],
   "dQ-14" : [ 0, 0, 0, 1 ],
   "dQ-15" : [ 0, 0, 0, 1 ],
   "dQ-16" : [ 0, 0, 0, 1 ],
   "dQ-17" : [ 0, 0, 0, 1 ],
   "dQ-18" : [
      -0.047109538428727345,
      -0.1648833877179853,
      -0.030621199879224625,
      0.98471138003052927
   ],
   "dQ-19" : [ -0.48149640974139557, 0, 0.039395159101148318, 0.87556223584936632 ],
   "dQ-2" : [ 0, 0, 0, 1 ],
   "dQ-20" : [
      -0.26884941967220988,
      0.098359540767760809,
      -0.14068395323291363,
      0.94776232019669915
   ],
   "dQ-3" : [ 0, 0, 0, 1 ],
   "dQ-4" : [ 0, 0, 0, 1 ],
   "dQ-5" : [ 0, 0, 0, 1 ],
   "dQ-6" : [ 0, 0, 0, 1 ],
   "dQ-7" : [ 0, 0, 0, 1 ],
   "dQ-8" : [ 0, 0, 0, 1 ],
   "dQ-9" : [ 0, 0, 0, 1 ],
   "threshold" : 1
}
