{
   "Camera" : {
      "m_angle" : 61,
      "m_aspect" : 1.7777777777777777,
      "m_at_dist" : 8.5160576820812981,
      "m_far" : 500,
      "m_near" : 0.01,
      "m_orthographic" : false,
      "m_rotation_conj" : [
         0.061193930164242169,
         -0.47886278828515305,
         -0.033485348143160891,
         0.87511397221536447
      ],
      "m_translation" : [ -0.80600414470848936, -0.73507301798576952, 8.9386446247475106 ]
   },
   "dQ-0" : [
      -0.20052238341569331,
      0.07846528178732956,
      0.00095109412677326125,
      0.97654138095796361
   ],
   "dQ-1" : [
      -0.24193135835474314,
      -0.02502738449217928,
      0.051571576005006239,
      0.96859858580243108
   ],
   "dQ-10" : [ 0, 0, 0, 1 ],
   "dQ-11" : [ 0, 0, 0, 1 ],
   "dQ-12" : [ 0, 0, 0, 1 ],
   "dQ-13" : [ 0, 0, 0, 1 ],
   "dQ-14" : [ 0, 0, 0, 1 ],
   "dQ-15" : [ 0, 0, 0, 1 ],
   "dQ-16" : [ 0, 0, 0, 1 ],
   "dQ-17" : [ 0, 0, 0, 1 ],
   "dQ-18" : [ 0, 0, 0, 1 ],
   "dQ-19" : [ 0, 0, 0, 1 ],
   "dQ-2" : [
      0.60225691555181904,
      0.028175764528038921,
      -0.14673807933109251,
      0.78419428079876463
   ],
   "dQ-20" : [ 0, 0, 0, 1 ],
   "dQ-3" : [
      0.23234490857333645,
      -0.36179419628039383,
      -0.017290084077422593,
      0.9026748340296562
   ],
   "dQ-4" : [ 0, 0, 0, 1 ],
   "dQ-5" : [ 0, 0, 0, 1 ],
   "dQ-6" : [ 0, 0, 0, 1 ],
   "dQ-7" : [ 0, 0, 0, 1 ],
   "dQ-8" : [ 0, 0, 0, 1 ],
   "dQ-9" : [ 0, 0, 0, 1 ],
   "threshold" : 1
}
