{
   "Camera" : {
      "m_angle" : 61,
      "m_aspect" : 1.7777777777777777,
      "m_at_dist" : 8.5160576820812981,
      "m_far" : 500,
      "m_near" : 0.01,
      "m_orthographic" : false,
      "m_rotation_conj" : [
         0.071039013969768292,
         -0.71145595359475455,
         -0.072685264059693083,
         0.69534217258652919
      ],
      "m_translation" : [ -0.95944250117282781, -0.65165918770953535, 8.3632010918178796 ]
   },
   "dQ-0" : [ 0, 0, 0, 1 ],
   "dQ-1" : [ 0, 0, 0, 1 ],
   "dQ-10" : [
      0.28628663180720687,
      -0.0081796170939602668,
      -0.022902929606055833,
      0.95783532725001375
   ],
   "dQ-11" : [
      0.077330609581430287,
      0.33694057202665789,
      0.21235794266468527,
      0.91399952512642768
   ],
   "dQ-12" : [ 0, 0, 0, 1 ],
   "dQ-13" : [ 0, 0, 0, 1 ],
   "dQ-14" : [ 0, 0, 0, 1 ],
   "dQ-15" : [ 0, 0, 0, 1 ],
   "dQ-16" : [ 0, 0, 0, 1 ],
   "dQ-17" : [ 0, 0, 0, 1 ],
   "dQ-18" : [ 0, 0, 0, 1 ],
   "dQ-19" : [ 0, 0, 0, 1 ],
   "dQ-2" : [ 0, 0, 0, 1 ],
   "dQ-20" : [ 0, 0, 0, 1 ],
   "dQ-3" : [ 0, 0, 0, 1 ],
   "dQ-4" : [ 0, 0, 0, 1 ],
   "dQ-5" : [ 0, 0, 0, 1 ],
   "dQ-6" : [ 0, 0, 0, 1 ],
   "dQ-7" : [ 0, 0, 0, 1 ],
   "dQ-8" : [
      -0.16801884492360269,
      -0.067207535215397629,
      -0.036964145357420659,
      0.98279523142860481
   ],
   "dQ-9" : [ 0.28081555453873808, 0, -0.028081555872321588, 0.95935084851627184 ],
   "threshold" : 1
}
