{"vs": [[171.34515323560436, 18.13992617681347, 98.72770771236232], [67.49636058398784, 255.0, 104.118155836874], [0.0, 27.81120335482326, 198.30796445255325], [10.372045141894231, 0.0, 0.0]], "faces": [[[171.34515323560436, 18.13992617681347, 98.72770771236232], [10.372045141894231, 0.0, 0.0], [0.0, 27.81120335482326, 198.30796445255325]], [[10.372045141894231, 0.0, 0.0], [67.49636058398784, 255.0, 104.118155836874], [0.0, 27.81120335482326, 198.30796445255325]], [[10.372045141894231, 0.0, 0.0], [171.34515323560436, 18.13992617681347, 98.72770771236232], [67.49636058398784, 255.0, 104.118155836874]], [[67.49636058398784, 255.0, 104.118155836874], [171.34515323560436, 18.13992617681347, 98.72770771236232], [0.0, 27.81120335482326, 198.30796445255325]]]}