{
   "Camera" : {
      "m_angle" : 55,
      "m_aspect" : 1.7777777777777777,
      "m_at_dist" : 1.2388778722136937,
      "m_far" : 500,
      "m_near" : 0.01,
      "m_orthographic" : false,
      "m_rotation_conj" : [
         0.13763316433890768,
         0.14690509313576661,
         0.020646164411333184,
         0.97931085033299381
      ],
      "m_translation" : [ 0.62252088591667776, 0.39467882483612571, 1.7022303932233145 ]
   },
   "dQ-0" : [
      -0.23786648240144093,
      0.0067961844157685934,
      -0.059682863714210166,
      0.96943865417375574
   ],
   "dQ-1" : [
      -0.63060415521874502,
      -0.42529118721429937,
      -0.22131139917445797,
      0.61031718810316027
   ],
   "dQ-10" : [
      0.20458166713816686,
      0.017535567773452113,
      -0.020405030857834204,
      0.97847967789296564
   ],
   "dQ-2" : [
      -0.13158158052636987,
      0.011441883906304618,
      0.074944286101311194,
      0.98840210690772101
   ],
   "dQ-3" : [
      0.32944926907607253,
      -0.05490821526274426,
      -0.078368995205948075,
      0.93931175207825002
   ],
   "dQ-4" : [
      0.1700828680134184,
      -0.016198368777337414,
      0.013032323588361521,
      0.98521042899431988
   ],
   "dQ-5" : [
      0.23164031719104566,
      0.16300615251986117,
      -0.029481496139011982,
      0.95859407419288223
   ],
   "dQ-6" : [
      -0.24758334695967282,
      -0.16269762253591399,
      0.079869742170534608,
      0.9517629926694039
   ],
   "dQ-7" : [
      -0.052658845714189682,
      0.084254160047869522,
      0.059648112876485082,
      0.9932624955735273
   ],
   "dQ-8" : [
      -0.023282899332013385,
      -0.12417544508235223,
      -0.049035190607906856,
      0.99077440192979416
   ],
   "dQ-9" : [
      -0.21321396034553086,
      0.049203223686157573,
      0.058745666195299084,
      0.97399578879784421
   ],
   "threshold" : 1
}
