{
   "Camera" : {
      "m_angle" : 54,
      "m_aspect" : 1.7777777777777777,
      "m_at_dist" : 1.3044688332839949,
      "m_far" : 500,
      "m_near" : 0.01,
      "m_orthographic" : false,
      "m_rotation_conj" : [
         0.15351448870540457,
         -0.024250150181259016,
         -0.0037685691714738736,
         0.9878416016042777
      ],
      "m_translation" : [ 0.47100271956352541, 0.32289248230562639, 1.9616568352566086 ]
   },
   "dQ-0" : [ 0, 0, 0, 1 ],
   "dQ-1" : [
      -0.61570476065678459,
      0.14208571538400905,
      0.09041817993126576,
      0.76976869897801325
   ],
   "dQ-10" : [ 0, 0, 0, 1 ],
   "dQ-2" : [ 0, 0, 0, 1 ],
   "dQ-3" : [ 0, 0, 0, 1 ],
   "dQ-4" : [ 0, 0, 0, 1 ],
   "dQ-5" : [ 0, 0, 0, 1 ],
   "dQ-6" : [ 0, 0, 0, 1 ],
   "dQ-7" : [ 0, 0, 0, 1 ],
   "dQ-8" : [ 0, 0, 0, 1 ],
   "dQ-9" : [ 0, 0, 0, 1 ],
   "threshold" : 1
}
